{"cameraMode":{"drawMode":0,"name":"Shaded","section":"Shading Mode"},"sceneLighting":true,"audioPlay":false,"sceneViewState":{"showFog":true,"showMaterialUpdate":false,"showSkybox":true,"showFlares":true,"showImageEffects":true,"showParticleSystems":true,"showVisualEffectGraphs":true,"m_FxEnabled":true},"in2DMode":false,"pivot":{"x":-213.99537658691407,"y":6.7253618240356449,"z":-193.97589111328126},"rotation":{"x":-0.21717537939548493,"y":0.31378012895584109,"z":-0.0734967365860939,"w":-0.9215030670166016},"size":10.897303581237793,"orthographic":false}